normal,gene1,gene2,gene3,gene4,gene5
1,2.08075,1.09907,0.927763,1.02908,-0.130763
-1,1.10946,0.786453,0.44556,-0.146323,-0.996316
1,-0.67653,1.6931,1.55925,1.55998,-0.982179
-1,0.534396,1.67754,1.48903,0.778605,-0.183776
1,-1.0189,0.51108,0.755641,1.01382,0.529899
-1,-1.18537,-0.514473,-0.566634,1.22472,0.619244
1,1.77905,0.423947,0.820696,2.52569,0.666921